id_cliente,edad,genero,ingresos_mensuales,saldo_promedio,tipo_pago,puntaje_crediticio,mora,segmento,fecha_registro
1,56,F,1455.94,1027.82,,315.0,0,Clásico,2022-11-15
2,69,M,3433.34,7557.63,,428.0,0,Clásico,2020-03-25
3,46,M,3960.88,8461.54,,408.0,0,Premium,2022-01-29
4,32,F,3460.77,4094.61,tarjeta crédito,832.0,0,Empresarial,2021-06-07
5,60,M,1019.07,2932.03,efectivo,568.0,0,Clásico,2019-11-21
6,25,M,3393.06,2977.9,,461.0,0,Clásico,2020-10-31
7,38,F,,3058.35,tarjeta crédito,559.0,0,Clásico,2019-07-13
8,56,M,4303.61,12304.19,Yape,401.0,0,Premium,2021-03-25
9,36,M,,6104.19,efectivo,805.0,0,Clásico,2019-03-16
10,40,M,2372.14,4972.75,Yape,546.0,0,Clásico,2022-08-01
11,28,F,2883.36,4307.7,tarjeta crédito,836.0,0,Premium,2021-07-10
12,28,F,,2642.49,Yape,430.0,1,Premium,2022-07-06
13,41,F,3424.79,10137.19,Yape,652.0,0,Clásico,2020-09-25
14,53,M,4646.17,7077.67,tarjeta crédito,495.0,0,Premium,2019-10-21
15,57,M,2317.13,6337.93,Plin,681.0,0,Clásico,2022-02-11
16,41,F,4104.86,4412.26,Yape,526.0,0,Clásico,2018-05-15
17,20,M,2863.69,2957.51,Yape,775.0,0,Premium,2018-04-25
18,39,M,2548.55,1472.64,Plin,776.0,0,Premium,2023-01-31
19,19,F,3371.56,7178.61,Yape,564.0,0,Clásico,2019-06-07
20,41,F,2257.71,3208.92,Yape,671.0,1,Clásico,2021-11-19
21,61,M,,7545.29,Yape,785.0,0,Clásico,2020-08-21
22,47,M,2062.55,3471.32,transferencia,733.0,0,Clásico,2019-07-27
23,55,M,5857.67,17107.23,Plin,510.0,1,Clásico,2020-04-06
24,19,F,3542.32,3414.14,,676.0,0,Clásico,2021-01-11
25,38,F,2660.33,7107.23,Plin,694.0,1,Clásico,2023-01-22
26,50,F,3756.78,9172.15,efectivo,749.0,0,Premium,2018-06-07
27,29,F,3365.21,8168.39,efectivo,663.0,1,Premium,2020-07-09
28,39,M,3234.84,8449.27,Yape,756.0,0,Premium,2021-07-08
29,61,F,,10179.65,Plin,525.0,0,Clásico,2018-10-12
30,42,F,4409.01,9107.03,Plin,430.0,0,Empresarial,2020-11-19
31,66,F,2863.4,2371.22,Plin,775.0,0,Premium,2020-12-04
32,44,F,2809.02,1632.93,transferencia,,0,Premium,2019-06-29
33,59,F,,8882.55,efectivo,455.0,0,Premium,2019-12-27
34,45,M,,1506.09,Plin,517.0,0,Empresarial,2020-06-03
35,33,M,1681.77,4189.87,Plin,489.0,0,Clásico,2020-06-07
36,32,F,5140.25,8757.99,transferencia,716.0,0,Clásico,2021-09-27
37,64,M,5473.96,4342.33,transferencia,845.0,0,Premium,2022-06-30
38,68,F,3201.16,2602.43,Plin,340.0,1,Premium,2020-04-06
39,61,F,4191.87,9280.44,tarjeta crédito,606.0,0,Premium,2022-05-24
40,69,M,3873.5,6103.72,,637.0,1,Clásico,2022-01-23
41,20,M,7194.66,7204.1,Plin,613.0,0,Clásico,2021-07-16
42,54,F,4843.49,8374.33,transferencia,374.0,0,Clásico,2021-04-30
43,68,F,3346.5,2210.44,transferencia,578.0,0,Empresarial,2018-06-17
44,24,F,2353.35,4600.63,Plin,475.0,0,Clásico,2022-12-09
45,38,M,1572.26,1843.45,Plin,572.0,0,Clásico,2020-01-26
46,26,F,,9337.55,Plin,588.0,0,Clásico,2021-06-24
47,56,F,2592.38,3307.63,transferencia,,0,Clásico,2021-01-17
48,35,F,,2937.52,Plin,365.0,1,Premium,2019-10-27
49,21,M,2724.11,1441.19,Plin,782.0,0,Premium,2022-09-03
50,42,F,2202.14,1499.92,Yape,547.0,0,Premium,2020-11-21
51,31,F,5524.57,8183.18,tarjeta crédito,455.0,0,Clásico,2021-06-07
52,67,M,4557.97,7747.85,efectivo,346.0,0,Premium,2018-08-11
53,26,F,3490.43,6981.04,tarjeta crédito,753.0,0,Clásico,2019-09-12
54,43,F,5275.93,6484.94,Yape,,0,Premium,2019-12-29
55,19,M,3592.84,8038.82,,423.0,0,Clásico,2022-07-31
56,37,F,2466.46,6536.87,,300.0,0,Clásico,2018-10-02
57,45,M,5327.75,13051.0,Yape,490.0,0,Premium,2018-10-30
58,64,M,4146.69,2484.06,Plin,815.0,1,Empresarial,2021-06-03
59,24,F,2255.3,3836.87,transferencia,741.0,1,Clásico,2021-05-03
60,61,F,3271.59,2494.02,Yape,442.0,0,Premium,2020-08-04
61,25,F,2449.26,2706.71,transferencia,,0,Clásico,2018-04-06
62,64,F,1840.64,5460.55,,832.0,0,Clásico,2023-02-03
63,52,M,4611.41,3948.47,Yape,526.0,1,Clásico,2021-11-18
64,31,F,5791.3,10118.68,transferencia,612.0,0,Clásico,2021-10-16
65,34,M,1821.72,3726.13,efectivo,601.0,0,Clásico,2023-03-28
66,53,F,4175.56,9420.74,tarjeta crédito,759.0,0,Clásico,2021-12-06
67,67,F,2719.23,5164.15,Plin,700.0,0,Clásico,2020-08-10
68,57,F,2915.45,1528.94,Yape,850.0,0,Empresarial,2020-09-05
69,21,M,2789.13,3670.92,Plin,692.0,0,Clásico,2018-06-15
70,19,F,2463.21,4419.69,transferencia,506.0,0,Premium,2018-12-10
71,23,F,3558.23,2560.74,Plin,,0,Clásico,2019-02-10
72,59,F,2502.86,3445.36,transferencia,414.0,0,Premium,2022-12-26
73,21,F,3824.55,2229.74,Plin,550.0,0,Clásico,2021-03-18
74,46,M,3439.71,2395.57,,518.0,0,Clásico,2018-12-23
75,35,F,3213.26,4795.17,tarjeta crédito,706.0,0,Clásico,2020-04-30
76,43,M,2410.92,2005.38,tarjeta crédito,742.0,1,Clásico,2021-02-17
77,61,M,2807.87,5387.89,tarjeta crédito,653.0,0,Clásico,2023-06-16
78,51,M,4406.47,9798.5,tarjeta crédito,849.0,0,Premium,2023-06-24
79,27,M,4101.1,10258.77,tarjeta crédito,441.0,0,Premium,2020-08-21
80,53,M,2326.93,2327.8,transferencia,800.0,0,Premium,2020-06-03
81,31,M,3619.2,3324.98,Yape,846.0,0,Premium,2019-08-26
82,48,F,,3351.51,,841.0,0,Clásico,2020-10-05
83,65,M,1496.71,3129.73,tarjeta crédito,806.0,1,Clásico,2019-02-17
84,32,M,4152.03,9409.29,transferencia,580.0,0,Clásico,2021-07-11
85,25,M,2704.85,1566.01,,723.0,0,Clásico,2023-04-01
86,31,F,,11886.83,transferencia,569.0,0,Clásico,2020-08-29
87,40,F,2584.09,1627.79,Yape,453.0,0,Clásico,2023-03-20
88,57,M,,2472.48,Plin,382.0,0,Clásico,2018-04-17
89,38,F,1546.95,3515.68,Yape,725.0,0,Clásico,2023-03-16
90,33,M,3557.7,9525.47,efectivo,574.0,0,Premium,2018-10-26
91,62,M,3811.67,8710.49,transferencia,,0,Premium,2020-06-25
92,35,F,2414.82,6047.48,efectivo,472.0,0,Clásico,2021-05-06
93,64,M,4266.31,5753.65,,626.0,0,Empresarial,2021-03-04
94,41,F,1506.18,3821.27,tarjeta crédito,362.0,0,Empresarial,2018-09-17
95,43,F,,2395.47,Yape,372.0,0,Clásico,2022-11-07
96,42,M,2046.78,5602.12,Plin,674.0,1,Clásico,2019-09-26
97,62,M,2717.8,5079.52,efectivo,,0,Clásico,2019-10-02
98,58,F,3556.88,9046.02,Plin,697.0,0,Empresarial,2018-11-28
99,46,M,2467.5,4023.99,Yape,419.0,0,Premium,2019-03-15
100,32,M,3038.53,6408.09,tarjeta crédito,,0,Clásico,2019-07-25
101,62,M,4707.55,8548.94,Plin,764.0,0,Clásico,2022-01-11
102,18,F,2807.73,6539.13,Plin,585.0,0,Clásico,2018-02-08
103,42,F,4502.83,3170.33,tarjeta crédito,564.0,1,Clásico,2022-12-19
104,24,M,2144.35,1395.71,efectivo,619.0,0,Clásico,2022-10-25
105,26,F,4135.77,4622.79,tarjeta crédito,675.0,0,Premium,2020-06-28
106,41,F,5229.88,4700.94,Plin,,0,Premium,2023-02-22
107,18,F,534.03,1430.91,efectivo,502.0,1,Premium,2023-05-06
108,61,F,2543.73,2665.92,efectivo,633.0,0,Premium,2023-03-17
109,25,F,4192.49,12324.51,tarjeta crédito,521.0,0,Premium,2020-01-02
110,41,M,3256.35,4370.8,Plin,340.0,0,Clásico,2018-11-15
111,28,M,3945.38,3769.0,Yape,367.0,0,Premium,2020-12-03
112,68,M,2775.22,6866.58,Plin,813.0,0,Clásico,2022-11-11
113,34,F,3603.91,7736.76,transferencia,426.0,0,Premium,2023-01-12
114,25,F,3313.19,5783.14,Yape,554.0,0,Clásico,2021-03-26
115,52,M,4901.34,9255.73,efectivo,315.0,0,Premium,2021-04-25
116,52,F,3805.31,8744.62,Yape,776.0,0,Clásico,2020-12-08
117,50,M,,4182.92,,361.0,0,Clásico,2023-05-15
118,22,M,3005.75,8989.7,efectivo,731.0,0,Clásico,2018-07-04
119,59,M,2914.87,8560.92,Yape,567.0,1,Clásico,2018-11-19
120,56,F,2980.93,6336.9,efectivo,334.0,1,Premium,2023-05-26
121,58,F,,3968.8,efectivo,793.0,0,Premium,2019-04-05
122,45,M,2994.82,6590.31,transferencia,768.0,1,Clásico,2021-02-14
123,24,M,3847.73,2618.36,Plin,624.0,0,Clásico,2019-10-18
124,26,M,5990.48,3454.3,Plin,603.0,0,Clásico,2022-01-19
125,25,M,4545.35,5200.82,transferencia,575.0,0,Clásico,2018-08-17
126,29,F,,5149.86,Yape,500.0,0,Clásico,2019-06-08
127,51,F,4941.46,13197.06,tarjeta crédito,744.0,0,Premium,2019-06-02
128,50,M,3010.31,6977.67,tarjeta crédito,623.0,0,Clásico,2020-11-16
129,65,M,1054.25,2484.62,tarjeta crédito,334.0,0,Clásico,2019-05-23
130,40,F,2290.3,3581.42,transferencia,781.0,0,Clásico,2021-12-08
131,41,F,1255.05,1712.94,transferencia,,0,Clásico,2020-01-03
132,54,M,3078.18,4394.4,,364.0,0,Clásico,2021-04-04
133,52,M,,10457.55,tarjeta crédito,307.0,0,Premium,2021-03-08
134,61,M,5511.72,3308.54,Yape,600.0,0,Clásico,2019-07-03
135,57,F,3892.31,10383.04,Yape,642.0,1,Clásico,2020-05-10
136,39,F,3237.08,6301.59,,730.0,1,Clásico,2020-07-05
137,44,F,4495.29,7176.9,tarjeta crédito,723.0,0,Clásico,2021-01-24
138,52,M,846.64,1958.4,tarjeta crédito,631.0,1,Clásico,2023-01-09
139,18,M,3782.74,6493.73,,737.0,0,Empresarial,2018-11-07
140,52,F,4425.04,11874.85,transferencia,473.0,1,Premium,2021-09-03
141,54,F,1725.7,4748.7,transferencia,826.0,0,Clásico,2020-08-24
142,64,M,4872.5,7573.34,Plin,325.0,0,Clásico,2019-11-30
143,31,F,3906.2,4656.46,Yape,705.0,0,Clásico,2018-08-18
144,20,F,3001.65,5945.9,Yape,531.0,0,Clásico,2020-05-26
145,18,M,4259.34,11844.83,efectivo,832.0,0,Premium,2019-04-10
146,22,F,6224.83,6390.76,transferencia,849.0,0,Premium,2019-10-02
147,43,M,3718.24,7649.97,Plin,804.0,0,Clásico,2022-05-10
148,31,M,3797.86,7895.37,Plin,478.0,0,Clásico,2021-02-09
149,56,M,2948.77,6878.84,Yape,431.0,0,Clásico,2022-10-07
150,44,M,,2055.88,transferencia,754.0,1,Premium,2019-03-10
151,26,M,4496.4,10294.79,efectivo,647.0,0,Premium,2022-04-08
152,32,M,2472.7,6855.76,transferencia,839.0,0,Clásico,2021-06-19
153,32,M,,3403.75,tarjeta crédito,705.0,0,Clásico,2018-12-31
154,43,F,2926.81,3201.52,transferencia,375.0,0,Premium,2021-05-07
155,59,M,4074.78,11932.94,tarjeta crédito,791.0,0,Clásico,2020-07-03
156,30,M,3900.39,3714.9,tarjeta crédito,,1,Clásico,2020-07-29
157,68,F,4745.05,12507.77,efectivo,461.0,0,Clásico,2020-09-08
158,49,F,2887.98,4998.21,Yape,646.0,0,Premium,2021-12-12
159,56,F,3176.15,3551.18,transferencia,660.0,1,Clásico,2021-05-02
160,66,M,2325.48,6225.02,tarjeta crédito,386.0,0,Clásico,2023-01-04
161,69,F,,4786.31,transferencia,561.0,0,Premium,2018-06-16
162,49,M,3952.76,7063.75,Yape,513.0,0,Clásico,2022-04-23
163,21,M,4408.39,6163.3,Yape,561.0,0,Clásico,2022-09-03
164,47,M,2393.4,4744.62,Plin,582.0,0,Clásico,2023-01-20
165,54,M,,4129.2,Yape,,0,Clásico,2021-09-04
166,40,F,5126.77,7575.85,efectivo,,0,Premium,2018-02-18
167,56,F,3996.12,11682.78,tarjeta crédito,661.0,1,Clásico,2020-03-01
168,62,M,,6588.13,Plin,748.0,0,Clásico,2021-11-16
169,32,M,2571.45,5507.64,efectivo,740.0,0,Clásico,2021-02-17
170,60,M,2006.41,2634.37,transferencia,392.0,0,Premium,2021-06-20
171,46,F,1365.54,3323.29,tarjeta crédito,723.0,0,Premium,2022-01-30
172,53,M,5295.25,4380.15,Yape,441.0,0,Clásico,2023-02-26
173,30,M,4285.24,12532.41,tarjeta crédito,590.0,0,Clásico,2020-01-08
174,49,F,3433.3,5611.64,,731.0,1,Premium,2022-12-27
175,24,F,3835.96,4181.68,Plin,348.0,0,Clásico,2018-09-24
176,68,M,2149.41,1469.64,Plin,601.0,0,Premium,2021-10-22
177,39,F,6434.9,5948.39,Plin,489.0,0,Premium,2019-05-25
178,45,F,3655.07,6577.06,Yape,435.0,0,Premium,2020-09-30
179,19,M,3631.27,4875.01,,703.0,0,Clásico,2020-05-25
180,59,F,4370.92,11242.92,efectivo,640.0,0,Clásico,2018-09-17
181,62,M,4077.21,6430.65,tarjeta crédito,,0,Premium,2020-07-17
182,23,F,3768.66,4227.63,Yape,662.0,0,Clásico,2023-06-03
183,45,M,2551.43,5212.22,Plin,681.0,1,Clásico,2018-10-28
184,45,M,4065.76,9216.85,,532.0,1,Premium,2018-11-23
185,61,M,5758.43,5283.96,transferencia,643.0,0,Premium,2023-05-27
186,61,F,5114.5,4700.47,transferencia,848.0,1,Clásico,2019-02-23
187,37,M,5411.82,3202.06,Plin,828.0,0,Clásico,2022-11-28
188,47,F,2886.54,6757.4,Plin,482.0,1,Clásico,2018-05-28
189,28,M,2312.47,4993.81,Yape,340.0,0,Premium,2021-03-11
190,45,M,3349.06,5648.45,efectivo,850.0,1,Empresarial,2020-10-13
191,42,F,3566.87,9311.05,transferencia,696.0,1,Clásico,2021-11-01
192,56,M,4813.03,12100.8,efectivo,793.0,0,Clásico,2022-06-06
193,50,M,1469.04,2884.29,Yape,632.0,1,Premium,2022-01-01
194,18,F,,14249.3,Plin,426.0,0,Clásico,2021-04-26
195,44,M,3310.39,3358.73,efectivo,300.0,0,Clásico,2020-12-04
196,69,M,2987.74,2329.84,Plin,467.0,0,Empresarial,2020-10-11
197,30,M,2285.47,2684.0,Plin,318.0,0,Clásico,2022-06-18
198,58,M,,973.18,tarjeta crédito,631.0,0,Premium,2022-12-17
199,20,F,4487.8,8203.36,efectivo,755.0,0,Clásico,2019-05-30
200,56,F,3587.98,10195.3,efectivo,408.0,1,Clásico,2018-05-19
201,23,M,1952.05,1168.03,Plin,567.0,0,Premium,2018-12-18
202,25,F,1945.91,1566.99,,744.0,0,Clásico,2020-01-23
203,44,M,3097.06,5049.75,,539.0,1,Empresarial,2021-06-10
204,26,F,5502.83,15598.8,Plin,600.0,1,Clásico,2020-04-04
205,54,M,3188.49,4114.4,transferencia,402.0,1,Clásico,2020-12-15
206,50,M,1696.23,2999.08,transferencia,549.0,0,Clásico,2021-12-17
207,68,M,3205.11,1935.67,,752.0,1,Clásico,2018-10-11
208,59,M,3172.73,2763.0,Yape,819.0,0,Clásico,2023-01-07
209,61,M,263.74,782.4,Plin,452.0,0,Clásico,2019-05-05
210,41,M,3434.85,10005.02,,473.0,0,Clásico,2018-12-02
211,32,F,3222.88,1651.24,,642.0,0,Clásico,2019-02-15
212,49,M,4335.45,12484.06,Yape,,0,Premium,2019-08-04
213,49,F,5718.75,11996.79,,623.0,0,Premium,2021-01-20
214,41,M,4851.88,12953.53,transferencia,719.0,0,Premium,2018-11-09
215,58,F,3177.33,5200.81,,784.0,0,Clásico,2018-06-15
216,69,F,2172.17,3885.99,efectivo,711.0,0,Clásico,2022-04-19
217,66,F,6588.03,11345.35,tarjeta crédito,,0,Premium,2023-05-18
218,66,M,3571.06,7739.06,transferencia,412.0,0,Clásico,2020-03-12
219,69,M,3516.72,2986.15,Plin,631.0,0,Clásico,2022-10-30
220,29,F,3471.05,1995.62,efectivo,677.0,0,Premium,2022-06-08
221,56,M,3737.7,4746.22,efectivo,,0,Premium,2019-12-21
222,19,F,3326.77,7524.16,transferencia,404.0,1,Clásico,2018-05-17
223,20,M,2811.61,2824.64,tarjeta crédito,501.0,0,Clásico,2018-10-11
224,66,F,2843.77,6209.6,Plin,749.0,0,Premium,2021-06-13
225,54,F,3460.7,10121.79,tarjeta crédito,565.0,0,Clásico,2018-06-23
226,66,M,2847.89,2092.49,Yape,509.0,0,Premium,2019-10-07
227,34,F,2644.59,5769.19,Yape,,1,Premium,2019-01-17
228,66,M,3627.72,5838.36,transferencia,676.0,0,Premium,2021-09-19
229,19,F,3194.03,8529.2,transferencia,850.0,0,Clásico,2023-01-12
230,19,F,5304.79,5001.75,transferencia,839.0,0,Clásico,2023-06-07
231,45,M,318.84,711.51,Yape,,0,Premium,2022-07-04
232,40,M,4809.81,12482.84,tarjeta crédito,753.0,0,Premium,2022-09-18
233,54,M,4995.3,14294.23,tarjeta crédito,813.0,0,Premium,2020-10-01
234,49,F,1011.93,2234.46,transferencia,,0,Clásico,2021-07-20
235,50,M,3088.77,5383.53,Plin,649.0,0,Clásico,2018-08-13
236,18,F,3054.27,6244.82,tarjeta crédito,595.0,0,Premium,2020-08-27
237,36,F,1810.99,4839.44,Yape,557.0,1,Premium,2021-06-06
238,19,M,2566.62,4944.66,efectivo,380.0,1,Empresarial,2019-07-11
239,61,M,2167.31,1248.3,efectivo,,0,Premium,2020-06-30
240,43,F,5602.72,15840.97,,,0,Clásico,2021-06-02
241,49,F,4622.81,10280.28,Plin,534.0,0,Premium,2019-02-21
242,23,M,5025.87,11013.11,transferencia,610.0,0,Premium,2022-03-20
243,49,M,,4537.1,Yape,,0,Clásico,2022-06-23
244,21,M,2145.14,4606.07,Plin,512.0,1,Premium,2021-04-16
245,28,M,2870.58,4261.84,Yape,348.0,1,Clásico,2020-05-29
246,34,M,4087.25,8698.0,Yape,426.0,0,Clásico,2021-11-28
247,55,F,2033.45,1558.6,transferencia,522.0,0,Premium,2021-06-14
248,41,F,4355.6,9341.08,efectivo,578.0,0,Clásico,2019-04-30
249,22,F,3211.61,9630.12,transferencia,707.0,0,Clásico,2022-04-28
250,69,F,3050.22,1892.75,Plin,804.0,0,Clásico,2019-06-20
251,51,M,4353.15,12811.04,Plin,593.0,0,Clásico,2020-04-25
252,23,M,4033.12,6119.33,Plin,576.0,0,Clásico,2018-04-30
253,39,M,3066.84,8209.57,transferencia,737.0,0,Clásico,2018-07-20
254,28,F,4891.2,12012.61,Yape,406.0,0,Empresarial,2020-09-20
255,65,F,2202.72,4223.81,Yape,719.0,1,Clásico,2022-01-06
256,33,M,4239.12,9945.5,tarjeta crédito,,0,Clásico,2023-05-23
257,50,M,4211.72,11356.01,Plin,674.0,0,Clásico,2020-10-30
258,26,F,3128.54,4725.19,Yape,372.0,0,Premium,2018-04-08
259,23,F,3891.36,5127.19,tarjeta crédito,329.0,0,Clásico,2022-03-10
260,33,M,,4335.06,Yape,,0,Premium,2021-05-04
261,46,M,4608.83,11612.48,Plin,663.0,0,Premium,2019-01-29
262,20,F,3278.12,7886.22,efectivo,750.0,1,Premium,2022-12-21
263,37,M,2872.73,7166.12,Plin,494.0,0,Clásico,2020-02-07
264,53,M,4758.81,7561.55,transferencia,455.0,1,Premium,2018-11-15
265,36,M,2654.79,6755.34,Yape,471.0,0,Clásico,2020-06-01
266,43,F,1809.85,1448.83,Yape,340.0,0,Empresarial,2021-07-17
267,20,F,1632.04,3037.59,transferencia,362.0,0,Premium,2021-09-24
268,36,F,4227.21,2174.46,transferencia,,0,Clásico,2020-12-27
269,37,F,1963.48,2575.03,efectivo,659.0,0,Clásico,2020-08-08
270,49,F,5605.75,7938.6,Yape,,0,Clásico,2021-11-05
271,24,F,1001.68,1492.94,Yape,417.0,0,Premium,2022-10-20
272,69,F,5535.75,12392.71,efectivo,679.0,1,Clásico,2021-06-01
273,58,M,3753.22,5522.47,tarjeta crédito,589.0,1,Clásico,2022-01-10
274,50,M,,5487.85,efectivo,739.0,1,Clásico,2022-01-16
275,57,M,2846.1,3113.24,Plin,306.0,0,Premium,2018-12-21
276,56,M,3978.96,5702.36,Yape,495.0,0,Premium,2019-10-10
277,35,M,3454.84,3690.37,transferencia,720.0,0,Premium,2019-05-17
278,57,M,4823.96,3294.72,Plin,492.0,0,Premium,2020-01-16
279,18,M,3637.07,7305.5,Yape,447.0,0,Clásico,2018-11-11
280,28,F,3680.36,7988.34,efectivo,501.0,0,Clásico,2023-04-06
281,45,F,,6276.62,Plin,743.0,0,Premium,2019-02-23
282,42,M,3431.67,5692.23,Yape,718.0,0,Clásico,2023-02-10
283,67,M,3869.36,5608.5,tarjeta crédito,,1,Clásico,2020-10-26
284,40,F,1447.8,3848.74,tarjeta crédito,778.0,0,Clásico,2021-04-03
285,48,M,1882.18,3383.6,transferencia,774.0,0,Clásico,2021-06-05
286,47,M,4391.92,7457.28,Yape,425.0,0,Clásico,2020-12-09
287,59,F,3705.04,2090.03,tarjeta crédito,694.0,1,Premium,2022-09-08
288,52,M,3279.22,4437.18,efectivo,624.0,0,Clásico,2021-12-10
289,24,F,3522.12,5108.8,Yape,691.0,0,Clásico,2018-08-08
290,33,M,3917.1,5864.12,efectivo,739.0,1,Clásico,2019-09-21
291,43,F,2852.29,5563.19,efectivo,503.0,1,Premium,2019-09-11
292,65,F,2566.03,4706.12,tarjeta crédito,785.0,0,Clásico,2019-12-03
293,69,F,3735.01,7543.83,Yape,330.0,0,Premium,2022-04-25
294,66,M,2325.95,5610.68,Plin,687.0,0,Premium,2019-01-25
295,19,F,3989.9,10104.28,tarjeta crédito,733.0,0,Clásico,2023-04-19
296,18,M,1456.9,3344.03,tarjeta crédito,675.0,0,Empresarial,2020-03-19
297,65,M,4734.99,13678.48,Yape,,1,Empresarial,2021-02-17
298,29,M,4067.12,2218.95,Yape,,0,Premium,2019-01-04
299,22,M,3807.24,3767.05,efectivo,374.0,0,Premium,2022-07-11
300,54,F,4679.23,2428.09,Yape,454.0,0,Clásico,2022-08-19
301,49,F,5498.57,11649.75,efectivo,729.0,0,Clásico,2023-01-17
302,26,M,4717.24,12949.18,tarjeta crédito,662.0,0,Clásico,2020-12-20
303,58,M,1290.95,1431.28,transferencia,747.0,0,Clásico,2019-08-03
304,52,F,1964.51,5535.18,Plin,533.0,0,Empresarial,2018-09-15
305,36,M,2750.22,1789.48,tarjeta crédito,561.0,0,Clásico,2022-10-07
306,65,F,,10015.11,Yape,424.0,0,Premium,2018-09-11
307,33,M,4121.19,5683.35,,544.0,0,Premium,2023-04-25
308,20,M,2629.11,1981.17,transferencia,841.0,1,Premium,2021-03-07
309,37,F,3724.12,6385.67,transferencia,784.0,0,Empresarial,2019-05-09
310,41,M,2593.54,2961.67,,421.0,0,Clásico,2023-01-28
311,50,F,2766.18,3353.11,Plin,424.0,0,Clásico,2020-10-17
312,41,M,,2298.04,efectivo,848.0,0,Clásico,2020-03-06
313,69,M,2392.12,5998.4,tarjeta crédito,469.0,0,Clásico,2022-08-09
314,28,M,,3470.33,Plin,423.0,0,Clásico,2018-07-17
315,66,F,2328.95,2977.03,tarjeta crédito,334.0,1,Clásico,2019-12-28
316,25,M,4764.37,9651.82,efectivo,386.0,0,Premium,2018-07-22
317,53,M,2360.72,5406.94,Plin,,0,Clásico,2022-05-26
318,55,M,6658.86,7867.84,efectivo,668.0,0,Clásico,2019-06-08
319,57,M,,6276.58,Plin,376.0,1,Premium,2023-06-19
320,37,F,3721.8,2994.99,efectivo,358.0,0,Clásico,2019-10-17
321,52,F,2469.97,2353.57,transferencia,730.0,0,Clásico,2018-11-05
322,65,M,4340.37,9560.94,efectivo,799.0,0,Premium,2021-06-21
323,42,F,2809.23,2678.87,transferencia,408.0,0,Premium,2021-08-06
324,52,M,3646.41,6610.61,efectivo,577.0,1,Premium,2021-05-16
325,42,M,6572.1,14935.86,Plin,367.0,0,Clásico,2021-01-21
326,46,M,3384.73,2596.74,Plin,368.0,0,Premium,2018-02-28
327,35,F,,9359.54,Plin,464.0,1,Premium,2018-03-28
328,63,F,2656.19,3031.79,Yape,788.0,1,Clásico,2020-02-16
329,35,F,3458.01,10053.53,tarjeta crédito,604.0,1,Premium,2021-11-05
330,19,F,5624.96,9612.29,Plin,664.0,0,Premium,2021-06-03
331,52,F,2747.64,6910.26,transferencia,678.0,0,Clásico,2021-03-28
332,33,F,5674.94,10643.73,,642.0,0,Clásico,2022-09-03
333,58,F,,2646.69,Yape,653.0,0,Empresarial,2019-10-25
334,53,F,2825.04,5884.21,transferencia,715.0,0,Premium,2020-09-13
335,50,F,4258.89,12259.25,Yape,408.0,0,Clásico,2022-09-06
336,21,M,,9352.95,transferencia,796.0,0,Premium,2020-06-21
337,50,F,4246.17,10819.12,efectivo,640.0,0,Clásico,2018-11-08
338,31,F,1615.73,4379.46,tarjeta crédito,682.0,0,Clásico,2023-02-04
339,38,F,2627.44,2811.88,tarjeta crédito,832.0,0,Clásico,2020-05-19
340,65,F,3202.98,3299.43,Yape,599.0,1,Empresarial,2018-04-02
341,37,F,3410.68,6914.99,tarjeta crédito,438.0,0,Empresarial,2018-09-15
342,25,F,4244.81,6484.25,Yape,658.0,0,Clásico,2021-01-18
343,24,F,3713.24,9653.14,Yape,798.0,0,Clásico,2022-05-23
344,20,F,1897.59,5218.48,Yape,684.0,0,Clásico,2019-04-09
345,34,F,3956.24,5473.67,tarjeta crédito,579.0,0,Empresarial,2019-09-20
346,50,F,4232.7,4622.86,Yape,782.0,0,Empresarial,2018-02-11
347,65,F,,10226.27,tarjeta crédito,410.0,0,Premium,2022-03-10
348,29,M,4796.94,5694.04,,438.0,0,Premium,2020-11-09
349,68,M,4500.71,11506.23,Plin,734.0,0,Premium,2022-04-15
350,39,F,4051.02,6316.94,,808.0,0,Clásico,2018-10-12
351,39,F,3415.8,7408.44,transferencia,572.0,1,Clásico,2019-10-26
352,63,M,1506.85,1113.32,Yape,398.0,1,Clásico,2022-11-22
353,47,F,4015.54,8270.6,efectivo,403.0,0,Premium,2018-10-25
354,55,M,3749.23,6109.07,Yape,513.0,0,Premium,2021-01-12
355,55,M,3825.89,7523.69,transferencia,464.0,0,Clásico,2020-04-17
356,62,M,1967.9,1810.54,transferencia,819.0,1,Empresarial,2020-02-15
357,68,M,2202.73,5159.2,tarjeta crédito,583.0,0,Clásico,2019-01-18
358,25,M,,12657.33,Plin,816.0,0,Clásico,2022-07-12
359,44,F,3452.53,3597.02,Yape,463.0,1,Premium,2023-02-24
360,44,M,4317.8,3192.09,tarjeta crédito,,0,Premium,2023-06-21
361,51,F,3533.98,1975.84,Plin,390.0,1,Premium,2021-02-24
362,38,F,3535.71,7442.42,Yape,416.0,0,Clásico,2023-01-09
363,47,M,4625.94,9333.92,efectivo,566.0,0,Clásico,2023-06-08
364,50,M,2880.75,5377.62,Yape,439.0,0,Premium,2019-10-15
365,45,F,,3904.09,transferencia,,1,Clásico,2023-06-16
366,64,M,2945.27,4350.94,transferencia,694.0,1,Clásico,2020-09-18
367,50,M,2978.6,5916.07,efectivo,786.0,0,Premium,2019-03-11
368,22,F,,5450.44,tarjeta crédito,,0,Clásico,2022-04-17
369,65,F,3766.56,11184.66,Plin,816.0,0,Premium,2023-03-20
370,36,M,2925.5,2460.64,Yape,,1,Premium,2018-12-25
371,21,F,,11204.77,transferencia,,0,Clásico,2020-01-16
372,52,M,2426.47,3665.9,tarjeta crédito,823.0,0,Clásico,2022-01-24
373,66,M,3275.75,5144.56,efectivo,828.0,0,Premium,2018-03-01
374,34,M,2972.32,6818.49,transferencia,446.0,0,Premium,2021-07-19
375,61,F,5236.37,11682.81,efectivo,603.0,0,Premium,2018-01-06
376,45,F,3735.87,11125.94,Yape,527.0,0,Premium,2018-09-12
377,47,F,4738.21,3890.0,Plin,401.0,0,Premium,2020-04-23
378,46,F,1717.33,1305.64,transferencia,716.0,1,Empresarial,2022-07-17
379,63,F,,8828.5,transferencia,515.0,0,Clásico,2022-07-05
380,23,M,,8888.32,Yape,706.0,0,Clásico,2020-10-27
381,52,M,3598.74,4265.95,tarjeta crédito,698.0,1,Clásico,2022-01-24
382,58,M,4778.58,3338.07,Plin,798.0,0,Clásico,2023-05-30
383,54,M,2879.25,2056.2,,764.0,0,Clásico,2020-12-07
384,41,F,5191.22,14200.46,Plin,381.0,0,Clásico,2018-01-12
385,46,M,6258.68,6131.43,transferencia,664.0,1,Empresarial,2019-08-06
386,66,F,3064.59,4009.8,Plin,462.0,0,Clásico,2022-11-24
387,63,M,2965.4,3163.02,efectivo,347.0,1,Clásico,2022-10-05
388,48,F,5244.06,7276.08,transferencia,,0,Clásico,2022-12-10
389,52,F,5395.49,3634.18,Plin,628.0,0,Clásico,2018-10-31
390,50,M,2872.57,5163.87,,415.0,0,Clásico,2022-05-29
391,69,M,,2004.27,efectivo,636.0,1,Clásico,2023-03-26
392,38,M,3161.86,7907.47,efectivo,446.0,0,Clásico,2020-03-19
393,49,M,1886.66,2045.67,tarjeta crédito,622.0,1,Premium,2021-06-06
394,40,F,2397.62,4435.67,Plin,742.0,0,Premium,2019-11-13
395,50,M,2295.03,6197.03,Yape,,0,Premium,2020-06-22
396,20,M,2578.64,5485.27,tarjeta crédito,793.0,0,Premium,2018-11-18
397,35,F,3458.38,6337.12,Plin,586.0,1,Clásico,2018-01-12
398,42,M,3781.06,4956.34,tarjeta crédito,413.0,0,Premium,2021-02-21
399,59,M,5360.6,7143.03,tarjeta crédito,779.0,0,Premium,2022-02-03
400,48,M,2301.98,5003.85,transferencia,321.0,0,Clásico,2019-08-23
401,20,M,4681.19,13974.98,Plin,648.0,1,Premium,2018-03-04
402,57,M,3243.21,6987.81,Yape,619.0,0,Clásico,2020-12-27
403,63,F,3440.64,6518.15,,425.0,0,Premium,2018-03-16
404,41,M,4309.78,10027.25,tarjeta crédito,576.0,0,Empresarial,2020-11-16
405,67,M,2152.73,3580.02,tarjeta crédito,503.0,0,Clásico,2018-04-06
406,49,M,3958.89,2574.69,tarjeta crédito,493.0,0,Premium,2020-10-20
407,64,M,3699.74,7050.75,,846.0,1,Premium,2020-05-12
408,39,M,4090.94,11839.44,Plin,585.0,1,Empresarial,2021-03-17
409,40,F,3847.0,3609.48,transferencia,356.0,0,Clásico,2023-04-05
410,19,M,6446.36,14343.23,Yape,602.0,0,Premium,2019-09-06
411,44,F,2734.71,2741.09,transferencia,462.0,0,Clásico,2018-10-13
412,59,F,2862.8,5266.32,efectivo,318.0,0,Clásico,2022-03-12
413,19,M,2752.23,2041.3,,669.0,0,Clásico,2019-08-26
414,43,M,2833.43,4606.95,tarjeta crédito,563.0,0,Empresarial,2018-06-05
415,34,M,2735.14,6538.1,tarjeta crédito,412.0,0,Premium,2021-05-30
416,57,M,4926.82,6744.47,transferencia,787.0,0,Premium,2018-01-16
417,50,F,5204.61,11253.82,transferencia,626.0,0,Empresarial,2019-04-06
418,26,M,2815.1,7005.73,tarjeta crédito,841.0,0,Clásico,2023-04-09
419,60,M,2501.17,7048.16,,364.0,0,Clásico,2022-01-06
420,65,M,4065.7,4417.81,Plin,591.0,0,Clásico,2021-03-25
421,56,M,2837.33,4251.14,Plin,324.0,0,Clásico,2018-04-23
422,46,M,4259.52,3752.81,transferencia,848.0,0,Clásico,2022-02-02
423,59,M,3743.51,11160.18,tarjeta crédito,300.0,0,Clásico,2020-10-23
424,43,F,1681.11,4736.53,transferencia,848.0,0,Clásico,2023-02-12
425,52,F,5357.01,9909.89,transferencia,440.0,0,Clásico,2018-01-17
426,67,M,5655.05,14731.88,transferencia,487.0,0,Clásico,2018-09-16
427,42,M,2764.65,4982.99,,427.0,0,Clásico,2019-06-24
428,41,M,3034.76,6248.46,Plin,500.0,1,Empresarial,2019-05-18
429,30,F,3843.04,2777.79,Yape,426.0,0,Premium,2018-03-06
430,24,M,,9317.11,Yape,556.0,0,Empresarial,2020-12-10
431,53,F,4290.25,3514.93,efectivo,846.0,0,Clásico,2019-04-19
432,62,M,5912.25,15165.92,transferencia,493.0,0,Clásico,2019-08-14
433,37,M,3287.66,8071.44,efectivo,403.0,0,Premium,2019-08-01
434,18,M,2542.04,5775.16,efectivo,,0,Clásico,2018-07-15
435,25,M,1844.82,1089.18,tarjeta crédito,564.0,0,Clásico,2020-01-22
436,63,F,2622.88,3299.11,,,0,Clásico,2020-04-27
437,33,F,3460.25,4006.21,Yape,559.0,0,Clásico,2020-03-07
438,31,M,5653.47,7916.79,transferencia,713.0,0,Clásico,2021-05-06
439,29,M,2878.87,2070.22,,657.0,1,Clásico,2018-09-27
440,68,F,3768.55,10711.71,,374.0,0,Premium,2021-12-22
441,40,F,3480.29,6558.63,Plin,654.0,0,Clásico,2021-03-02
442,32,F,4926.07,6225.62,Yape,487.0,0,Clásico,2021-06-13
443,45,F,6532.32,9749.19,Yape,589.0,1,Premium,2019-01-26
444,51,M,2862.96,4632.29,efectivo,344.0,0,Clásico,2018-01-15
445,19,F,2912.67,5829.67,Plin,382.0,0,Clásico,2018-11-01
446,49,M,,8504.04,,422.0,0,Premium,2018-12-04
447,40,F,4318.27,12084.59,transferencia,657.0,0,Clásico,2021-09-16
448,39,F,5716.05,9959.7,Yape,827.0,0,Clásico,2020-09-01
449,68,F,4200.71,12519.78,transferencia,365.0,0,Clásico,2020-01-08
450,42,F,3068.85,8066.66,tarjeta crédito,,0,Clásico,2022-04-22
451,39,F,4208.79,4298.34,transferencia,,0,Clásico,2019-11-17
452,39,M,4830.44,13653.18,tarjeta crédito,,0,Premium,2020-09-12
453,66,M,4484.58,3546.93,efectivo,657.0,0,Clásico,2022-09-13
454,69,F,4108.73,10451.07,Yape,487.0,0,Clásico,2019-01-26
455,59,F,4780.01,6938.46,tarjeta crédito,621.0,0,Clásico,2020-02-21
456,23,M,4903.15,13213.67,transferencia,749.0,0,Clásico,2018-05-21
457,32,F,5158.59,13774.17,,773.0,1,Premium,2018-11-07
458,60,F,4278.45,10759.5,,312.0,0,Clásico,2018-06-05
459,54,M,3299.46,8166.41,Yape,483.0,0,Clásico,2021-10-08
460,50,F,3676.06,4638.08,tarjeta crédito,410.0,0,Clásico,2020-07-20
461,25,F,4947.81,3474.84,efectivo,807.0,1,Clásico,2022-11-14
462,61,M,,3798.29,transferencia,589.0,0,Clásico,2022-12-18
463,61,M,3942.41,3681.47,efectivo,594.0,0,Premium,2022-02-23
464,22,M,3027.99,6774.76,efectivo,750.0,0,Clásico,2019-06-22
465,56,F,3534.49,4825.46,Plin,514.0,0,Clásico,2023-01-20
466,21,M,5034.14,14795.47,efectivo,326.0,0,Clásico,2021-07-24
467,23,M,3729.32,7840.63,efectivo,530.0,0,Premium,2020-09-04
468,62,M,3555.72,9089.14,Yape,620.0,0,Clásico,2020-03-16
469,49,M,1868.17,1553.03,transferencia,532.0,1,Premium,2019-03-09
470,69,M,4395.5,11670.21,Yape,,0,Premium,2022-07-31
471,47,M,4274.58,11998.29,Yape,832.0,0,Premium,2019-01-30
472,64,F,6095.91,10470.67,tarjeta crédito,702.0,0,Clásico,2018-12-16
473,52,F,3130.67,6310.28,Yape,352.0,0,Clásico,2022-12-17
474,57,M,3762.98,9076.4,Plin,,0,Premium,2020-11-09
475,69,M,3799.26,3560.27,Plin,,0,Empresarial,2019-09-02
476,33,M,5392.94,9472.24,tarjeta crédito,330.0,0,Premium,2020-12-21
477,30,F,3385.65,5067.16,transferencia,636.0,1,Clásico,2020-12-07
478,67,F,3834.83,3320.71,transferencia,482.0,1,Clásico,2021-05-16
479,59,F,4229.48,6000.94,Yape,322.0,0,Clásico,2021-06-29
480,47,F,3723.93,2496.64,,843.0,0,Premium,2020-02-28
481,36,F,2964.28,1673.42,,745.0,1,Clásico,2020-09-02
482,34,F,3732.91,3127.86,transferencia,,0,Clásico,2020-10-19
483,36,F,4788.36,13923.53,efectivo,309.0,1,Premium,2021-11-22
484,45,F,2268.18,4250.17,Plin,783.0,0,Clásico,2019-06-21
485,43,F,3659.56,10665.99,efectivo,755.0,0,Premium,2023-03-22
486,54,M,2659.86,4205.89,,459.0,0,Clásico,2021-02-18
487,43,M,4934.06,6313.33,transferencia,,0,Clásico,2019-09-16
488,40,M,1672.18,2951.99,efectivo,477.0,0,Clásico,2018-02-05
489,26,M,,4523.41,tarjeta crédito,711.0,0,Premium,2022-06-15
490,29,F,3952.65,3020.46,Yape,352.0,0,Clásico,2020-11-06
491,18,F,5378.63,11306.23,tarjeta crédito,707.0,0,Clásico,2019-03-24
492,18,M,,3558.27,Plin,321.0,0,Empresarial,2023-03-16
493,64,F,2833.76,5806.29,Yape,329.0,1,Clásico,2019-02-01
494,51,M,5757.39,12237.35,efectivo,559.0,0,Clásico,2020-06-06
495,49,F,,1551.0,Plin,,1,Clásico,2019-07-04
496,65,M,861.43,562.84,,358.0,0,Clásico,2020-10-24
497,42,F,4028.02,9876.32,efectivo,770.0,0,Premium,2019-08-30
498,57,F,2897.53,4779.48,tarjeta crédito,,1,Clásico,2022-03-03
499,62,M,2274.52,1468.0,Yape,311.0,0,Clásico,2019-01-23
500,18,F,,12994.26,efectivo,589.0,0,Clásico,2018-10-06
